{"cameraMode":{"drawMode":0,"name":"Shaded","section":"Shading Mode"},"sceneLighting":true,"audioPlay":false,"sceneViewState":{"showFog":false,"showMaterialUpdate":false,"showSkybox":false,"showFlares":false,"showImageEffects":false,"showParticleSystems":false},"in2DMode":false,"pivot":{"x":-1.6477288007736207,"y":-0.7536211013793945,"z":-4.129335880279541},"rotation":{"x":-0.1965038925409317,"y":-0.07175300270318985,"z":0.014417300000786782,"w":-0.9778629541397095},"size":8.725902557373047,"orthographic":false}