{"cameraMode":{"drawMode":0,"name":"Shaded","section":"Shading Mode"},"sceneLighting":true,"audioPlay":false,"sceneViewState":{"showFog":false,"showMaterialUpdate":false,"showSkybox":false,"showFlares":false,"showImageEffects":false,"showParticleSystems":false},"in2DMode":false,"pivot":{"x":1.6394896507263184,"y":1.3762497901916505,"z":-3.99603271484375},"rotation":{"x":-0.1527038812637329,"y":0.016558315604925157,"z":-0.0025598567444831135,"w":-0.9882237911224365},"size":14.160856246948243,"orthographic":false}