{"cameraMode":{"drawMode":0,"name":"Shaded","section":"Shading Mode"},"sceneLighting":true,"audioPlay":false,"sceneViewState":{"showFog":false,"showMaterialUpdate":false,"showSkybox":false,"showFlares":false,"showImageEffects":false,"showParticleSystems":false},"in2DMode":false,"pivot":{"x":-0.25052356719970705,"y":-18.165145874023439,"z":34.342742919921878},"rotation":{"x":0.20285063982009889,"y":0.024146340787410737,"z":-0.004971399437636137,"w":0.9789944887161255},"size":80.32933807373047,"orthographic":false}