{"cameraMode":{"drawMode":0,"name":"Shaded","section":"Shading Mode"},"sceneLighting":true,"audioPlay":false,"sceneViewState":{"showFog":false,"showMaterialUpdate":false,"showSkybox":false,"showFlares":false,"showImageEffects":false,"showParticleSystems":false},"in2DMode":false,"pivot":{"x":0.3933753967285156,"y":-5.580079555511475,"z":1.377121925354004},"rotation":{"x":0.255525141954422,"y":0.38302138447761538,"z":-0.11102250963449478,"w":0.8808306455612183},"size":14.043004989624024,"orthographic":false}