{"cameraMode":{"drawMode":0,"name":"Shaded","section":"Shading Mode"},"sceneLighting":true,"audioPlay":false,"sceneViewState":{"showFog":false,"showMaterialUpdate":false,"showSkybox":false,"showFlares":false,"showImageEffects":false,"showParticleSystems":false},"in2DMode":false,"pivot":{"x":1.7560070753097535,"y":-3.746098518371582,"z":3.425067663192749},"rotation":{"x":-0.13185527920722962,"y":-0.03542091324925423,"z":0.004624146968126297,"w":-0.9907044768333435},"size":5.881793022155762,"orthographic":false}