{"cameraMode":{"drawMode":0,"name":"Shaded","section":"Shading Mode"},"sceneLighting":true,"audioPlay":false,"sceneViewState":{"showFog":false,"showMaterialUpdate":false,"showSkybox":false,"showFlares":false,"showImageEffects":false,"showParticleSystems":false},"in2DMode":false,"pivot":{"x":12.685131072998047,"y":5.689298629760742,"z":1.715606689453125},"rotation":{"x":-0.20973984897136689,"y":0.1332506388425827,"z":-0.0288645438849926,"w":-0.9683007597923279},"size":113.01506042480469,"orthographic":false}