{"cameraMode":{"drawMode":0,"name":"Shaded","section":"Shading Mode"},"sceneLighting":true,"audioPlay":false,"sceneViewState":{"showFog":false,"showMaterialUpdate":false,"showSkybox":false,"showFlares":false,"showImageEffects":false,"showParticleSystems":false},"in2DMode":false,"pivot":{"x":1.717793345451355,"y":-1.1180157661437989,"z":1.0591955184936524},"rotation":{"x":-0.3001369535923004,"y":0.00024537151330150664,"z":-0.00013518164632841945,"w":-0.9539781212806702},"size":12.868045806884766,"orthographic":false}