{"cameraMode":{"drawMode":0,"name":"Shaded","section":"Shading Mode"},"sceneLighting":true,"audioPlay":false,"sceneViewState":{"showFog":false,"showMaterialUpdate":false,"showSkybox":false,"showFlares":false,"showImageEffects":false,"showParticleSystems":false},"in2DMode":false,"pivot":{"x":22.01850128173828,"y":-10.064271926879883,"z":3.6532859802246095},"rotation":{"x":-0.10167594254016876,"y":-0.6695374250411987,"z":0.0931314080953598,"w":-0.7299767136573792},"size":28.1567325592041,"orthographic":false}