{"cameraMode":{"drawMode":0,"name":"Shaded","section":"Shading Mode"},"sceneLighting":true,"audioPlay":false,"sceneViewState":{"showFog":false,"showMaterialUpdate":false,"showSkybox":false,"showFlares":false,"showImageEffects":false,"showParticleSystems":false},"in2DMode":false,"pivot":{"x":0.453122079372406,"y":-2.4760303497314455,"z":9.954777717590332},"rotation":{"x":-0.0961674228310585,"y":0.006241515278816223,"z":-0.0006627466063946486,"w":-0.9954196214675903},"size":14.911759376525879,"orthographic":false}