{"cameraMode":{"drawMode":0,"name":"Shaded","section":"Shading Mode"},"sceneLighting":true,"audioPlay":false,"sceneViewState":{"showFog":false,"showMaterialUpdate":false,"showSkybox":false,"showFlares":false,"showImageEffects":false,"showParticleSystems":false},"in2DMode":false,"pivot":{"x":-4.921292304992676,"y":-3.4000000953674318,"z":-0.8862689137458801},"rotation":{"x":0.20285063982009889,"y":0.024146340787410737,"z":-0.004971399437636137,"w":0.9789944887161255},"size":2.9388301372528078,"orthographic":false}