{"cameraMode":{"drawMode":0,"name":"Shaded","section":"Shading Mode"},"sceneLighting":false,"audioPlay":false,"sceneViewState":{"showFog":false,"showMaterialUpdate":false,"showSkybox":false,"showFlares":false,"showImageEffects":false,"showParticleSystems":false},"in2DMode":false,"pivot":{"x":5.858641624450684,"y":-3.883025646209717,"z":-3.1582493782043459},"rotation":{"x":0.13056567311286927,"y":0.7463389039039612,"z":-0.15341003239154817,"w":0.6345453262329102},"size":8.784852981567383,"orthographic":false}