{"cameraMode":{"drawMode":0,"name":"Shaded","section":"Shading Mode"},"sceneLighting":true,"audioPlay":false,"sceneViewState":{"showFog":false,"showMaterialUpdate":false,"showSkybox":false,"showFlares":false,"showImageEffects":false,"showParticleSystems":false},"in2DMode":false,"pivot":{"x":1.4753384590148926,"y":-6.38535213470459,"z":5.9047651290893559},"rotation":{"x":-0.3075815439224243,"y":-0.12207797169685364,"z":0.03973688930273056,"w":-0.9429070353507996},"size":7.290316581726074,"orthographic":false}