{"cameraMode":{"drawMode":0,"name":"Shaded","section":"Shading Mode"},"sceneLighting":true,"audioPlay":false,"sceneViewState":{"showFog":false,"showMaterialUpdate":false,"showSkybox":false,"showFlares":false,"showImageEffects":false,"showParticleSystems":false},"in2DMode":false,"pivot":{"x":-1.9991734027862549,"y":0.4688408076763153,"z":9.88874626159668},"rotation":{"x":-0.02217033877968788,"y":-0.045821286737918857,"z":-0.0009210243006236851,"w":0.998796820640564},"size":15.463976860046387,"orthographic":false}