{"cameraMode":{"drawMode":0,"name":"Shaded","section":"Shading Mode"},"sceneLighting":true,"audioPlay":false,"sceneViewState":{"showFog":false,"showMaterialUpdate":false,"showSkybox":false,"showFlares":false,"showImageEffects":false,"showParticleSystems":false},"in2DMode":false,"pivot":{"x":2.6849989891052248,"y":-2.9009857177734377,"z":-1.0303834676742554},"rotation":{"x":-0.14126262068748475,"y":-0.18568769097328187,"z":0.027019862085580827,"w":-0.972118079662323},"size":4.817224979400635,"orthographic":false}