{"cameraMode":{"drawMode":0,"name":"Shaded","section":"Shading Mode"},"sceneLighting":true,"audioPlay":false,"sceneViewState":{"showFog":false,"showMaterialUpdate":false,"showSkybox":false,"showFlares":false,"showImageEffects":false,"showParticleSystems":false},"in2DMode":false,"pivot":{"x":11.98340129852295,"y":-4.476457118988037,"z":18.45817756652832},"rotation":{"x":0.08122985810041428,"y":0.008145974949002266,"z":-0.0005422343383543193,"w":0.9967747330665588},"size":28.4846248626709,"orthographic":false}