{"cameraMode":{"drawMode":0,"name":"Shaded","section":"Shading Mode"},"sceneLighting":true,"audioPlay":false,"sceneViewState":{"showFog":false,"showMaterialUpdate":false,"showSkybox":false,"showFlares":false,"showImageEffects":false,"showParticleSystems":false},"in2DMode":false,"pivot":{"x":-1.5564312934875489,"y":-4.887552738189697,"z":0.8251900672912598},"rotation":{"x":0.11341552436351776,"y":0.7502044439315796,"z":-0.13317833840847016,"w":0.6378224492073059},"size":5.840265274047852,"orthographic":false}