{"cameraMode":{"drawMode":0,"name":"Shaded","section":"Shading Mode"},"sceneLighting":true,"audioPlay":false,"sceneViewState":{"showFog":false,"showMaterialUpdate":false,"showSkybox":false,"showFlares":false,"showImageEffects":false,"showParticleSystems":false},"in2DMode":false,"pivot":{"x":-6.79508638381958,"y":-3.093998432159424,"z":-0.5401632785797119},"rotation":{"x":0.6307044625282288,"y":0.026172839105129243,"z":-0.021166719496250154,"w":0.7754614949226379},"size":10.92552375793457,"orthographic":false}