{"cameraMode":{"drawMode":0,"name":"Shaded","section":"Shading Mode"},"sceneLighting":true,"audioPlay":false,"sceneViewState":{"showFog":false,"showMaterialUpdate":false,"showSkybox":false,"showFlares":false,"showImageEffects":false,"showParticleSystems":false},"in2DMode":false,"pivot":{"x":-0.43734025955200198,"y":-6.195038318634033,"z":10.772821426391602},"rotation":{"x":-0.18229788541793824,"y":0.004686885047703981,"z":-0.0009167063981294632,"w":-0.9833076596260071},"size":17.123661041259767,"orthographic":false}