{"cameraMode":{"drawMode":0,"name":"Shaded","section":"Shading Mode"},"sceneLighting":true,"audioPlay":false,"sceneViewState":{"showFog":false,"showMaterialUpdate":false,"showSkybox":false,"showFlares":false,"showImageEffects":false,"showParticleSystems":false},"in2DMode":false,"pivot":{"x":-2.9040400981903078,"y":3146.013427734375,"z":0.6047869920730591},"rotation":{"x":0.255525141954422,"y":0.38302138447761538,"z":-0.11102250963449478,"w":0.8808306455612183},"size":3395.189208984375,"orthographic":false}