{"cameraMode":{"drawMode":0,"name":"Shaded","section":"Shading Mode"},"sceneLighting":true,"audioPlay":false,"sceneViewState":{"showFog":false,"showMaterialUpdate":false,"showSkybox":false,"showFlares":false,"showImageEffects":false,"showParticleSystems":false},"in2DMode":false,"pivot":{"x":-5.26297664642334,"y":-3.8543953895568849,"z":1.2343463897705079},"rotation":{"x":0.1503916233778,"y":-0.10442515462636948,"z":0.0160832442343235,"w":0.9830965399742127},"size":5.962550640106201,"orthographic":false}