{"cameraMode":{"drawMode":0,"name":"Shaded","section":"Shading Mode"},"sceneLighting":true,"audioPlay":false,"sceneViewState":{"showFog":false,"showMaterialUpdate":false,"showSkybox":false,"showFlares":false,"showImageEffects":false,"showParticleSystems":false},"in2DMode":false,"pivot":{"x":23.50286865234375,"y":-5.580707550048828,"z":1.7793009281158448},"rotation":{"x":0.5673990249633789,"y":0.00797272939234972,"z":-0.005443274509161711,"w":0.8234996199607849},"size":11.782734870910645,"orthographic":false}