{"cameraMode":{"drawMode":0,"name":"Shaded","section":"Shading Mode"},"sceneLighting":true,"audioPlay":false,"sceneViewState":{"showFog":false,"showMaterialUpdate":false,"showSkybox":false,"showFlares":false,"showImageEffects":false,"showParticleSystems":false},"in2DMode":false,"pivot":{"x":-10.014399528503418,"y":-5.592744827270508,"z":3.096231460571289},"rotation":{"x":0.19293585419654847,"y":-0.10654977709054947,"z":0.021195832639932634,"w":0.97530597448349},"size":16.450054168701173,"orthographic":false}