{"cameraMode":{"drawMode":0,"name":"Shaded","section":"Shading Mode"},"sceneLighting":true,"audioPlay":false,"sceneViewState":{"showFog":false,"showMaterialUpdate":false,"showSkybox":false,"showFlares":false,"showImageEffects":false,"showParticleSystems":false},"in2DMode":false,"pivot":{"x":9.87362003326416,"y":0.23236122727394105,"z":0.05555915832519531},"rotation":{"x":0.009308516047894955,"y":-0.020336410030722619,"z":0.00030270154820755124,"w":0.9998568296432495},"size":11.500300407409668,"orthographic":false}